[
  {
   "id": "request1",                 
  "client": "client1",
  "asset": "asset100",
  "server": "cacheserver1",
  "origin": "origin1"                     
},
{ 
  "id": "request2",                  
  "client": "client1",
  "asset": "asset100",
  "server": "cacheserver1",
  "origin": "origin1"                     
},
{ "id": "request3",                  
  "client": "client3",
  "asset": "asset102",
  "server": "cacheserver1",
  "origin": "origin1"                     
},

{
  "id": "request4",                  
  "client": "client3",
  "asset": "asset103",
  "server": "cacheserver1",
  "origin": "origin1"                     
},

{
  "id": "request5",                  
  "client": "client1",
  "asset": "asset101",
  "server": "cacheserver1",
  "origin": "origin1"                     
},

{
  "id": "request6",                  
  "client": "client2",
  "asset": "asset101",
  "server": "cacheserver1",
  "origin": "origin1"                     
},
{
  "id": "request7",                  
  "client": "client4",
  "asset": "asset103",
  "server": "cacheserver1",
  "origin": "origin1"                     
}
]







